<?xml version="1.0" encoding="UTF-8"?>
<manifest identifier="com.example.encuesta" version="1.2" xmlns="http://www.imsproject.org/xsd/imscp_rootv1p2p1">
  <metadata>
    <schema>ADL SCORM</schema>
    <schemaversion>1.2</schemaversion>
    <title>Encuesta</title>
  </metadata>
  <organizations default="org1">
    <organization identifier="org1" structure="hierarchical">
      <title>Encuesta</title>
      <item identifier="item1" identifierref="home">
        <title>Página de Inicio</title>
      </item> 
    </organization>
  </organizations>
  <resources>
    <resource identifier="home" type="webcontent" href="index.html"/>
    <resource identifier="question" type="webcontent" href="./pages/question.html"/> 
    <resource identifier="video" type="webcontent" href="./pages/video.html"/> 
  </resources>
</manifest>